text,label
網路不穩,connection
按鍵鬆脫,button
啟動失敗,power
按鈕卡住,button
無法上傳,connection
資料同步失敗,connection
無法上傳,connection
按鈕卡住,button
插電沒反應,power
網路不穩,connection
按鍵鬆脫,button
傳輸中斷,connection
無法上傳,connection
資料同步失敗,connection
啟動失敗,power
無法開機,power
按鍵鬆脫,button
按不下去,button
無法連線,connection
按鈕沒反應,button
插電沒反應,power
按鈕沒反應,button
資料同步失敗,connection
按不下去,button
按不下去,button
無法操作按鍵,button
按鍵鬆脫,button
無法操作按鍵,button
啟動失敗,power
插電沒反應,power
無法操作按鍵,button
啟動失敗,power
按不下去,button
按鍵鬆脫,button
按鈕沒反應,button
電源燈不亮,power
按鈕沒反應,button
開機鍵壞了,power
按鈕卡住,button
網路不穩,connection
資料同步失敗,connection
傳輸中斷,connection
按不下去,button
網路不穩,connection
啟動失敗,power
無法開機,power
資料同步失敗,connection
傳輸中斷,connection
插電沒反應,power
網路不穩,connection
電源燈不亮,power
無法操作按鍵,button
插電沒反應,power
按鍵鬆脫,button
按不下去,button
按鈕卡住,button
電源燈不亮,power
無法連線,connection
按鈕卡住,button
網路不穩,connection
無法開機,power
無法連線,connection
電源燈不亮,power
網路不穩,connection
電源燈不亮,power
啟動失敗,power
無法上傳,connection
按鍵鬆脫,button
無法開機,power
無法開機,power
啟動失敗,power
按鍵鬆脫,button
按鍵鬆脫,button
傳輸中斷,connection
資料同步失敗,connection
傳輸中斷,connection
按鈕沒反應,button
按鈕卡住,button
電源燈不亮,power
插電沒反應,power
按不下去,button
按鍵鬆脫,button
按不下去,button
網路不穩,connection
無法操作按鍵,button
按鍵鬆脫,button
網路不穩,connection
傳輸中斷,connection
按鈕沒反應,button
無法連線,connection
按鍵鬆脫,button
資料同步失敗,connection
網路不穩,connection
無法操作按鍵,button
無法連線,connection
無法連線,connection
開機鍵壞了,power
無法連線,connection
啟動失敗,power
網路不穩,connection
無法開機,power
按不下去,button
啟動失敗,power
無法連線,connection
網路不穩,connection
網路不穩,connection
開機鍵壞了,power
按鍵鬆脫,button
插電沒反應,power
插電沒反應,power
傳輸中斷,connection
按不下去,button
按鈕卡住,button
無法操作按鍵,button
網路不穩,connection
電源燈不亮,power
插電沒反應,power
按鈕沒反應,button
無法操作按鍵,button
插電沒反應,power
啟動失敗,power
電源燈不亮,power
無法連線,connection
按鈕沒反應,button
無法連線,connection
按鈕沒反應,button
無法連線,connection
插電沒反應,power
按鈕卡住,button
無法連線,connection
無法連線,connection
按鈕卡住,button
按鍵鬆脫,button
資料同步失敗,connection
無法操作按鍵,button
無法上傳,connection
啟動失敗,power
無法連線,connection
按鈕沒反應,button
傳輸中斷,connection
按不下去,button
無法上傳,connection
插電沒反應,power
網路不穩,connection
開機鍵壞了,power
網路不穩,connection
無法連線,connection
網路不穩,connection
無法開機,power
插電沒反應,power
電源燈不亮,power
無法開機,power
開機鍵壞了,power
資料同步失敗,connection
按鈕沒反應,button
資料同步失敗,connection
電源燈不亮,power
電源燈不亮,power
啟動失敗,power
按鈕卡住,button
插電沒反應,power
按鍵鬆脫,button
無法操作按鍵,button
按鈕沒反應,button
無法操作按鍵,button
無法開機,power
按不下去,button
按鈕沒反應,button
按鈕沒反應,button
按鈕沒反應,button
電源燈不亮,power
無法操作按鍵,button
開機鍵壞了,power
插電沒反應,power
傳輸中斷,connection
按不下去,button
電源燈不亮,power
電源燈不亮,power
傳輸中斷,connection
無法連線,connection
按鈕沒反應,button
無法操作按鍵,button
資料同步失敗,connection
資料同步失敗,connection
按鈕卡住,button
按鍵鬆脫,button
插電沒反應,power
按鈕卡住,button
電源燈不亮,power
資料同步失敗,connection
按鍵鬆脫,button
資料同步失敗,connection
網路不穩,connection
電源燈不亮,power
電源燈不亮,power
按鈕卡住,button
傳輸中斷,connection
無法上傳,connection
按鈕沒反應,button
電源燈不亮,power
傳輸中斷,connection
按不下去,button
啟動失敗,power
電源燈不亮,power
開機鍵壞了,power
按鈕卡住,button
電源燈不亮,power
按不下去,button
無法操作按鍵,button
無法操作按鍵,button
插電沒反應,power
開機鍵壞了,power
無法開機,power
按鍵鬆脫,button
按不下去,button
傳輸中斷,connection
開機鍵壞了,power
資料同步失敗,connection
無法操作按鍵,button
傳輸中斷,connection
資料同步失敗,connection
開機鍵壞了,power
電源燈不亮,power
插電沒反應,power
無法連線,connection
無法開機,power
開機鍵壞了,power
按不下去,button
電源燈不亮,power
插電沒反應,power
無法連線,connection
按不下去,button
按鍵鬆脫,button
電源燈不亮,power
按鈕卡住,button
按鍵鬆脫,button
無法操作按鍵,button
資料同步失敗,connection
插電沒反應,power
無法開機,power
傳輸中斷,connection
按不下去,button
開機鍵壞了,power
插電沒反應,power
無法上傳,connection
網路不穩,connection
啟動失敗,power
資料同步失敗,connection
插電沒反應,power
啟動失敗,power
傳輸中斷,connection
開機鍵壞了,power
電源燈不亮,power
按鈕沒反應,button
無法操作按鍵,button
網路不穩,connection
開機鍵壞了,power
按鈕沒反應,button
按鈕沒反應,button
按鈕沒反應,button
插電沒反應,power
無法上傳,connection
按鍵鬆脫,button
無法操作按鍵,button
無法操作按鍵,button
按鍵鬆脫,button
插電沒反應,power
無法上傳,connection
按不下去,button
按鈕沒反應,button
按不下去,button
按鍵鬆脫,button
按鈕卡住,button
按不下去,button
按鈕卡住,button
電源燈不亮,power
無法上傳,connection
電源燈不亮,power
按鈕卡住,button
按鈕沒反應,button
按不下去,button
電源燈不亮,power
網路不穩,connection
按鍵鬆脫,button
插電沒反應,power
按鈕沒反應,button
無法連線,connection
無法上傳,connection
按鈕沒反應,button
資料同步失敗,connection
啟動失敗,power
無法開機,power
資料同步失敗,connection
資料同步失敗,connection
按鍵鬆脫,button
資料同步失敗,connection
無法開機,power
無法開機,power
無法連線,connection
電源燈不亮,power
網路不穩,connection
按鈕沒反應,button
按鈕沒反應,button
啟動失敗,power
資料同步失敗,connection
按鈕沒反應,button
無法連線,connection
網路不穩,connection
無法開機,power
無法上傳,connection
無法操作按鍵,button
無法上傳,connection
無法上傳,connection
電源燈不亮,power
按鍵鬆脫,button
資料同步失敗,connection
傳輸中斷,connection
無法連線,connection
網路不穩,connection
無法操作按鍵,button
啟動失敗,power
無法操作按鍵,button
插電沒反應,power
按鈕沒反應,button
按不下去,button
按不下去,button
按鈕沒反應,button
電源燈不亮,power
無法連線,connection
啟動失敗,power
無法操作按鍵,button
開機鍵壞了,power
插電沒反應,power
傳輸中斷,connection
網路不穩,connection
插電沒反應,power
按鍵鬆脫,button
按不下去,button
網路不穩,connection
電源燈不亮,power
啟動失敗,power
網路不穩,connection
傳輸中斷,connection
無法操作按鍵,button
資料同步失敗,connection
按鍵鬆脫,button
插電沒反應,power
電源燈不亮,power
按鍵鬆脫,button
啟動失敗,power
無法操作按鍵,button
網路不穩,connection
啟動失敗,power
無法上傳,connection
網路不穩,connection
資料同步失敗,connection
按鈕沒反應,button
電源燈不亮,power
按鈕沒反應,button
開機鍵壞了,power
啟動失敗,power
無法開機,power
資料同步失敗,connection
按鍵鬆脫,button
無法連線,connection
電源燈不亮,power
無法連線,connection
電源燈不亮,power
按鈕卡住,button
開機鍵壞了,power
電源燈不亮,power
按鈕沒反應,button
無法連線,connection
開機鍵壞了,power
插電沒反應,power
網路不穩,connection
無法開機,power
按鈕卡住,button
按鍵鬆脫,button
無法操作按鍵,button
開機鍵壞了,power
按鈕卡住,button
無法連線,connection
無法開機,power
無法上傳,connection
無法連線,connection
網路不穩,connection
啟動失敗,power
無法操作按鍵,button
無法連線,connection
資料同步失敗,connection
無法開機,power
啟動失敗,power
插電沒反應,power
按不下去,button
無法連線,connection
按鍵鬆脫,button
啟動失敗,power
無法開機,power
插電沒反應,power
電源燈不亮,power
按不下去,button
無法開機,power
資料同步失敗,connection
傳輸中斷,connection
無法上傳,connection
無法操作按鍵,button
按鍵鬆脫,button
開機鍵壞了,power
無法操作按鍵,button
無法操作按鍵,button
按鈕沒反應,button
無法連線,connection
資料同步失敗,connection
按鈕卡住,button
無法操作按鍵,button
電源燈不亮,power
傳輸中斷,connection
開機鍵壞了,power
無法連線,connection
開機鍵壞了,power
按鈕沒反應,button
按鈕卡住,button
無法連線,connection
電源燈不亮,power
按鈕沒反應,button
開機鍵壞了,power
資料同步失敗,connection
網路不穩,connection
網路不穩,connection
按鈕沒反應,button
無法操作按鍵,button
資料同步失敗,connection
開機鍵壞了,power
按鈕沒反應,button
網路不穩,connection
開機鍵壞了,power
傳輸中斷,connection
無法操作按鍵,button
傳輸中斷,connection
插電沒反應,power
按鍵鬆脫,button
電源燈不亮,power
開機鍵壞了,power
無法連線,connection
資料同步失敗,connection
傳輸中斷,connection
按鈕卡住,button
按不下去,button
按鈕沒反應,button
電源燈不亮,power
傳輸中斷,connection
按鈕卡住,button
無法上傳,connection
資料同步失敗,connection
插電沒反應,power
按不下去,button
按鈕沒反應,button
電源燈不亮,power
無法操作按鍵,button
無法開機,power
按鍵鬆脫,button
按鍵鬆脫,button
網路不穩,connection
開機鍵壞了,power
無法連線,connection
無法連線,connection
無法上傳,connection
插電沒反應,power
無法操作按鍵,button
資料同步失敗,connection
按鈕沒反應,button
無法開機,power
啟動失敗,power
電源燈不亮,power
無法連線,connection
無法連線,connection
按鍵鬆脫,button
按鍵鬆脫,button
網路不穩,connection
按不下去,button
無法操作按鍵,button
插電沒反應,power
啟動失敗,power
無法上傳,connection
按不下去,button
傳輸中斷,connection
無法上傳,connection
開機鍵壞了,power
電源燈不亮,power
無法上傳,connection
傳輸中斷,connection
無法連線,connection
按不下去,button
無法上傳,connection
無法連線,connection
開機鍵壞了,power
無法操作按鍵,button
網路不穩,connection
傳輸中斷,connection
無法使用操作面板,button
耳機插上無反應,audio
喇叭沒聲音,audio
音效時有時無,audio
耳機插上無反應,audio
螢幕閃爍不斷,screen
畫面模糊,screen
開關按了沒用,button
音效時有時無,audio
螢幕閃爍不斷,screen
耳機插上無反應,audio
開關按了沒用,button
音量控制失效,audio
藍牙配對失敗,connection
音量控制失效,audio
無法使用操作面板,button
出現異常條紋,screen
出現異常條紋,screen
藍牙配對失敗,connection
音效時有時無,audio
喇叭沒聲音,audio
顯示畫面異常,screen
按鍵損壞,button
喇叭沒聲音,audio
畫面模糊,screen
無法使用操作面板,button
螢幕完全不亮,screen
無法使用操作面板,button
聲音失真,audio
畫面模糊,screen
出現異常條紋,screen
音量控制失效,audio
耳機插上無反應,audio
螢幕閃爍不斷,screen
顯示畫面異常,screen
按鍵損壞,button
出現異常條紋,screen
無法使用操作面板,button
按鍵損壞,button
螢幕完全不亮,screen
開關按了沒用,button
藍牙配對失敗,connection
藍牙配對失敗,connection
螢幕閃爍不斷,screen
聲音失真,audio
螢幕完全不亮,screen
藍牙配對失敗,connection
開關按了沒用,button
無法使用操作面板,button
出現異常條紋,screen
音量控制失效,audio
螢幕完全不亮,screen
音量控制失效,audio
藍牙配對失敗,connection
聲音失真,audio
喇叭沒聲音,audio
聲音失真,audio
開關按了沒用,button
音量控制失效,audio
顯示畫面異常,screen
音量控制失效,audio
開關按了沒用,button
藍牙配對失敗,connection
螢幕閃爍不斷,screen
喇叭沒聲音,audio
無法使用操作面板,button
音量控制失效,audio
螢幕閃爍不斷,screen
聲音失真,audio
畫面模糊,screen
螢幕閃爍不斷,screen
喇叭沒聲音,audio
出現異常條紋,screen
耳機插上無反應,audio
無法使用操作面板,button
無法使用操作面板,button
畫面模糊,screen
無法使用操作面板,button
開關按了沒用,button
螢幕完全不亮,screen
按鍵損壞,button
聲音失真,audio
畫面模糊,screen
出現異常條紋,screen
音量控制失效,audio
藍牙配對失敗,connection
聲音失真,audio
耳機插上無反應,audio
按鍵損壞,button
開關按了沒用,button
喇叭沒聲音,audio
按鍵損壞,button
畫面模糊,screen
出現異常條紋,screen
螢幕閃爍不斷,screen
按鍵損壞,button
螢幕完全不亮,screen
聲音失真,audio
螢幕閃爍不斷,screen
無法使用操作面板,button
耳機插上無反應,audio
開關按了沒用,button
耳機插上無反應,audio
耳機插上無反應,audio
螢幕閃爍不斷,screen
顯示畫面異常,screen
顯示畫面異常,screen
音量控制失效,audio
出現異常條紋,screen
螢幕完全不亮,screen
出現異常條紋,screen
音量控制失效,audio
畫面模糊,screen
按鍵損壞,button
藍牙配對失敗,connection
無法使用操作面板,button
藍牙配對失敗,connection
藍牙配對失敗,connection
喇叭沒聲音,audio
顯示畫面異常,screen
開關按了沒用,button
音量控制失效,audio
音效時有時無,audio
開關按了沒用,button
聲音失真,audio
聲音失真,audio
音量控制失效,audio
畫面模糊,screen
出現異常條紋,screen
按鍵損壞,button
無法使用操作面板,button
無法使用操作面板,button
開關按了沒用,button
開關按了沒用,button
無法使用操作面板,button
音效時有時無,audio
無法使用操作面板,button
耳機插上無反應,audio
無法使用操作面板,button
耳機插上無反應,audio
出現異常條紋,screen
畫面模糊,screen
畫面模糊,screen
畫面模糊,screen
出現異常條紋,screen
出現異常條紋,screen
畫面模糊,screen
音量控制失效,audio
螢幕閃爍不斷,screen
藍牙配對失敗,connection
無法使用操作面板,button
耳機插上無反應,audio
無法使用操作面板,button
開關按了沒用,button
開關按了沒用,button
出現異常條紋,screen
音量控制失效,audio
螢幕閃爍不斷,screen
螢幕完全不亮,screen
音量控制失效,audio
開關按了沒用,button
開關按了沒用,button
音量控制失效,audio
顯示畫面異常,screen
耳機插上無反應,audio
螢幕閃爍不斷,screen
畫面模糊,screen
音量控制失效,audio
聲音失真,audio
顯示畫面異常,screen
藍牙配對失敗,connection
喇叭沒聲音,audio
開關按了沒用,button
出現異常條紋,screen
耳機插上無反應,audio
畫面模糊,screen
喇叭沒聲音,audio
按鍵損壞,button
耳機插上無反應,audio
出現異常條紋,screen
畫面模糊,screen
耳機插上無反應,audio
耳機插上無反應,audio
畫面模糊,screen
音效時有時無,audio
按鍵損壞,button
無法使用操作面板,button
螢幕閃爍不斷,screen
藍牙配對失敗,connection
聲音失真,audio
藍牙配對失敗,connection
聲音失真,audio
耳機插上無反應,audio
按鍵損壞,button
螢幕閃爍不斷,screen
開關按了沒用,button
顯示畫面異常,screen
顯示畫面異常,screen
藍牙配對失敗,connection
耳機插上無反應,audio
螢幕完全不亮,screen
顯示畫面異常,screen
出現異常條紋,screen
無法使用操作面板,button
出現異常條紋,screen
螢幕完全不亮,screen
音效時有時無,audio
顯示畫面異常,screen
螢幕閃爍不斷,screen
出現異常條紋,screen
藍牙配對失敗,connection
聲音失真,audio
無法使用操作面板,button
耳機插上無反應,audio
出現異常條紋,screen
耳機插上無反應,audio
音量控制失效,audio
螢幕閃爍不斷,screen
按鍵損壞,button
藍牙配對失敗,connection
出現異常條紋,screen
畫面模糊,screen
螢幕閃爍不斷,screen
螢幕完全不亮,screen
音量控制失效,audio
螢幕完全不亮,screen
喇叭沒聲音,audio
無法使用操作面板,button
耳機插上無反應,audio
出現異常條紋,screen
音效時有時無,audio
藍牙配對失敗,connection
螢幕完全不亮,screen
畫面模糊,screen
聲音失真,audio
聲音失真,audio
螢幕閃爍不斷,screen
聲音失真,audio
喇叭沒聲音,audio
喇叭沒聲音,audio
音效時有時無,audio
畫面模糊,screen
顯示畫面異常,screen
畫面模糊,screen
開關按了沒用,button
藍牙配對失敗,connection
音量控制失效,audio
音效時有時無,audio
耳機插上無反應,audio
顯示畫面異常,screen
螢幕完全不亮,screen
按鍵損壞,button
出現異常條紋,screen
無法使用操作面板,button
螢幕閃爍不斷,screen
聲音失真,audio
聲音失真,audio
按下電源沒反應,power
按了沒電,power
按下電源沒反應。作品之間任何.,power
按了沒電,power
黑屏。男人內容幫助地址能夠開始.,screen
按下電源沒反應,power
按下電源沒反應,power
按了沒電,power
按了沒電,power
按了沒電,power
按了沒電,power
按下電源沒反應,power
按了沒電,power
按了沒電,power
按了沒電,power
同步失敗。朋友閱讀操作一個游戲.,connection
按下電源沒反應,power
按了沒電,power
按了沒電,power
按下電源沒反應,power
按了沒電。日期名稱標准社區謝謝參加為什.,power
按下電源沒反應,power
按下電源沒反應。環境工具關系.,power
按了沒電,power
按下電源沒反應,power
按下電源沒反應,power
按了沒電,power
按下電源沒反應,power
按了沒電,power
按下電源沒反應,power
按下電源沒反應,power
按了沒電,power
機器完全沒有動靜。責任具有但是技術地址准備搜索.,power
按下電源沒反應,power
按了沒電,power
按了沒電,power
按下電源沒反應,power
按了沒電。顯示大家使用完全如此.,power
按了沒電,power
按下電源沒反應。得到這種這種生活那些.,power
傳送資料卡住。方式問題處理或者那些操作當前.,connection
按了沒電。選擇社區原因朋友的是這麼原因空間.,power
按了沒電。查看她的世界成功.,power
按了沒電。介紹世界出現經營孩子有些.,power
黑屏。一樣個人就是政府過程繼續規定.,screen
按下電源沒反應,power
按下電源沒反應,power
按了沒電,power
畫面閃爍。增加參加系列系統市場知道注冊.,screen
按了沒電,power
按下電源沒反應,power
黑屏。詳細環境等級本站.,screen
按下電源沒反應,power
螢幕出現條紋。基本全國發現能力電影她的.,screen
耳機插了沒聲音,audio
喇叭壞掉,audio
喇叭壞掉,audio
螢幕出現條紋,screen
沒聲音。分析喜歡一些當然.,audio
螢幕不亮,screen
螢幕不亮,screen
喇叭壞掉,audio
聲音斷斷續續,audio
螢幕不亮,screen
畫面閃爍,screen
聲音忽大忽小,audio
耳機插了沒聲音,audio
螢幕出現條紋,screen
聲音斷斷續續,audio
聲音斷斷續續。系列資源其實合作.,audio
顯示異常,screen
沒聲音,audio
沒聲音,audio
顯示異常,screen
顯示異常。以及系統他的顯示應用文章這裡.,screen
黑屏,screen
畫面閃爍,screen
喇叭壞掉,audio
螢幕出現條紋,screen
螢幕出現條紋,screen
耳機插了沒聲音。發生根據是一隻要.,audio
耳機插了沒聲音,audio
黑屏,screen
顯示異常,screen
螢幕出現條紋,screen
螢幕不亮。或者地區方法.,screen
螢幕不亮,screen
螢幕出現條紋,screen
喇叭壞掉,audio
聲音忽大忽小。來源歷史一般雖然.,audio
沒聲音。生產中文社區類型然后到了那個.,audio
喇叭壞掉,audio
顯示異常,screen
畫面閃爍,screen
螢幕出現條紋。應該其中處理標題出現專業電話.,screen
耳機插了沒聲音,audio
聲音忽大忽小,audio
黑屏,screen
喇叭壞掉。需要當前商品.,audio
耳機插了沒聲音。不是能夠密碼信息回復相關發現.,audio
螢幕出現條紋,screen
畫面閃爍,screen
顯示異常,screen
螢幕不亮,screen
沒聲音。提供一定價格知道可是語言幫助積分.,audio
畫面閃爍,screen
耳機插了沒聲音,audio
沒聲音,audio
聲音斷斷續續,audio
顯示異常,screen
耳機插了沒聲音,audio
螢幕出現條紋,screen
聲音忽大忽小,audio
畫面閃爍,screen
螢幕不亮。報告問題影響謝謝狀態.,screen
螢幕出現條紋。發表增加登錄可以行業.,screen
沒聲音,audio
耳機插了沒聲音,audio
喇叭壞掉,audio
螢幕不亮,screen
耳機插了沒聲音,audio
聲音忽大忽小,audio
畫面閃爍,screen
畫面閃爍,screen
喇叭壞掉,audio
聲音斷斷續續,audio
耳機插了沒聲音,audio
顯示異常,screen
螢幕不亮,screen
畫面閃爍,screen
聲音忽大忽小。精華處理安全.,audio
螢幕不亮,screen
顯示異常,screen
畫面閃爍,screen
沒聲音,audio
聲音斷斷續續,audio
螢幕出現條紋。他們控制正在閱讀發生隻要注意.,screen
螢幕出現條紋。一定精華這是成為.,screen
畫面閃爍,screen
黑屏,screen
螢幕出現條紋。所有解決今年美國注意.,screen
顯示異常,screen
畫面閃爍,screen
聲音斷斷續續,audio
螢幕不亮,screen
聲音斷斷續續,audio
沒聲音,audio
耳機插了沒聲音,audio
喇叭壞掉。美國沒有論壇行業.,audio
顯示異常,screen
顯示異常,screen
聲音忽大忽小,audio
螢幕不亮,screen
螢幕不亮,screen
螢幕不亮,screen
畫面閃爍,screen
顯示異常,screen
螢幕出現條紋,screen
顯示異常,screen
顯示異常,screen
沒聲音,audio
聲音忽大忽小,audio
聲音斷斷續續,audio
黑屏,screen
顯示異常,screen
黑屏,screen
顯示異常,screen
畫面閃爍,screen
沒聲音。教育加入根據因為發表以上工作.,audio
螢幕出現條紋。比較類型增加簡介音樂正在.,screen
螢幕出現條紋,screen
黑屏,screen
螢幕不亮,screen
螢幕不亮,screen
聲音斷斷續續,audio
聲音忽大忽小,audio
聲音忽大忽小,audio
畫面閃爍,screen
黑屏,screen
喇叭壞掉,audio
聲音斷斷續續,audio
畫面閃爍。網絡更多國際.,screen
螢幕出現條紋,screen
顯示異常,screen
聲音斷斷續續。有些那麼這是.,audio
畫面閃爍,screen
螢幕不亮,screen
聲音斷斷續續,audio
沒聲音,audio
顯示異常,screen
螢幕不亮,screen
聲音忽大忽小。政府產品發布大家她的出來.,audio
畫面閃爍,screen
螢幕出現條紋。的是各種廣告加入記者一點使用有限.,screen
聲音忽大忽小,audio
聲音忽大忽小,audio
畫面閃爍,screen
聲音忽大忽小,audio
聲音忽大忽小。公司謝謝人員國家發布.,audio
喇叭壞掉,audio
耳機插了沒聲音,audio
顯示異常,screen
耳機插了沒聲音,audio
聲音斷斷續續,audio
畫面閃爍,screen
聲音忽大忽小,audio
耳機插了沒聲音,audio
喇叭壞掉,audio
螢幕不亮,screen
螢幕不亮,screen
螢幕出現條紋,screen
螢幕不亮,screen
螢幕出現條紋,screen
螢幕不亮,screen
耳機插了沒聲音,audio
耳機插了沒聲音,audio
沒聲音,audio
黑屏,screen
沒聲音,audio
聲音忽大忽小。顯示次數本站完成隻有發展.,audio
黑屏,screen
螢幕出現條紋。深圳學生安全.,screen
螢幕不亮,screen
耳機插了沒聲音,audio
聲音忽大忽小,audio
螢幕出現條紋。這麼的是程序應用.,screen
螢幕出現條紋,screen
喇叭壞掉,audio
螢幕不亮,screen
聲音忽大忽小,audio
耳機插了沒聲音，爛電腦,audio
黑屏,screen
顯示異常,screen
耳機插了沒聲音,audio
螢幕不亮,screen
聲音有時大，很煩,audio
黑屏,screen
螢幕出現條紋，運送過程太草率了吧,screen
螢幕不亮，調整也沒用,screen
耳機插了沒聲音，明明剛買,audio
聲音忽大忽小煩死,audio
線連了但螢幕依然沒反應,screen
網速太慢了,connection
